{
	"name": "monarch",
	"title": "🦋 Monarch",
	"description": "A card UI fit for royalty.",
	"author": "zeel",
	"authors": [
		{
			"name": "zeel",
			"email": "zeel02@gmail.com",
			"url": "https://github.com/zeel01",
			"discord": "zeel#4200"
		}
	],
	"version": "0.4.1",
	"minimumCoreVersion": "9.236",
	"compatibleCoreVersion": "9",
	"socket": true,
	"esmodules": [
		"monarch.js"
	],
	"styles": [
		"monarch.css"
	],
	"languages": [
		{
			"lang": "en",
			"name": "English",
			"path": "lang/en.json"
		},
		{
			"lang": "ja",
			"name": "日本語",
			"path": "lang/ja.json"
		},
		{
			"lang": "es",
			"name": "Español",
			"path": "lang/es.json"
		},
		{
			"lang": "fr",
			"name": "Français",
			"path": "lang/fr.json"
		}
	],
	"manifest": "https://github.com/Xandeus/monarch/releases/latest/download/module.json",
	"url": "https://github.com/Xandeus/monarch",
	"download": "https://github.com/Xandeus/monarch/releases/latest/download/monarch.zip",
	"readme": "https://github.com/Xandeus/monarch/blob/master/readme.md",
	"bugs": "https://github.com/Xandeus/monarch/issues",
	"changelog": "https://github.com/Xandeus/monarch/releases",
	"media": [
		{
			"type": "icon",
			"url": "https://avatars2.githubusercontent.com/u/1721836"
		},
		{
			"type": "cover",
			"url": "https://raw.githubusercontent.com/zeel01/monarch/master/examples/monarch.png"
		}
	]
}